flight_id,departure_airport_code,arrival_airport_code,departure_datetime,arrival_datetime,flight_duration_hours,airline_name,flight_status
1.0,CSF,FLW,12/4/2022,6/23/2022,23.21,Vipe,Cancelled
2.0,BOE,EVD,10/17/2022,8/24/2022,4.95,Photojam,On-time
3.0,AIZ,ATS,3/12/2022,2/18/2022,22.22,Rhyloo,Delayed
4.0,HDE,THT,2/17/2022,4/7/2022,9.03,Kanoodle,On-time
5.0,PAL,KAO,11/21/2022,2/22/2022,17.48,Meembee,Delayed
6.0,KUX,LBM,9/28/2022,3/13/2022,18.43,Wikibox,Delayed
7.0,DLD,LFM,1/26/2022,4/28/2022,14.86,Pixope,On-time
8.0,SSX,REX,7/20/2022,10/30/2022,11.85,Tazzy,Cancelled
9.0,TUK,ARE,8/24/2022,1/19/2022,16.55,Twinte,On-time
10.0,ECI,MCR,1/30/2022,2/6/2022,11.34,Edgeify,Delayed
11.0,UIR,PNX,9/6/2022,8/18/2022,14.02,Edgewire,On-time
12.0,USQ,TMR,7/26/2022,4/27/2022,17.36,Trunyx,Delayed
13.0,FNT,LBZ,7/20/2022,7/11/2022,13.52,Gevee,Delayed
14.0,TVS,ULH,12/5/2022,8/8/2022,18.5,Pixoboo,Cancelled
15.0,UYL,ERZ,7/5/2022,2/16/2022,3.26,Camimbo,On-time
16.0,OXY,BYW,8/4/2022,6/15/2022,2.36,Brightdog,Cancelled
17.0,ANR,NCS,1/29/2022,4/4/2022,11.24,Snaptags,On-time
18.0,PAX,PBM,4/19/2022,4/19/2022,10.76,Katz,Delayed
19.0,YGX,HOV,2/18/2022,2/1/2022,15.67,Rooxo,Delayed
20.0,SAR,AJJ,9/17/2022,4/15/2022,8.02,Skibox,Cancelled
22.0,HIN,MEQ,3/23/2022,4/24/2022,16.82,Jamia,Delayed
23.0,ECI,YQZ,2/8/2022,4/15/2022,16.98,Bubbletube,Cancelled
24.0,ABN,KAU,8/17/2022,8/16/2022,12.57,Trudoo,On-time
25.0,YEO,TCK,3/6/2022,4/12/2022,14.14,Yambee,Cancelled
26.0,NVI,GYL,7/17/2022,5/24/2022,11.75,Innotype,Cancelled
27.0,GZA,TDW,8/13/2022,3/12/2022,22.77,Jayo,Cancelled
28.0,IQQ,IOW,1/27/2022,3/19/2022,21.67,Tavu,On-time
29.0,XLU,HRL,5/18/2022,2/23/2022,20.56,Quatz,Delayed
30.0,AVA,EVN,5/27/2022,7/9/2022,8.58,Nlounge,Cancelled
33.0,MVE,TRU,6/5/2022,5/28/2022,4.03,Skajo,On-time
34.0,WPO,RHG,3/9/2022,5/23/2022,10.27,Avamm,Cancelled
35.0,MQH,AMZ,4/6/2022,1/15/2022,8.78,Ainyx,Delayed
36.0,VLI,VNC,8/30/2022,8/31/2022,13.98,Wordtune,On-time
37.0,GWE,HBU,3/23/2022,12/15/2022,17.15,Gabvine,On-time
38.0,DVP,MDV,3/26/2022,5/3/2022,16.46,Janyx,Delayed
39.0,LSL,LDZ,8/2/2022,1/9/2022,18.6,Jayo,Cancelled
40.0,YRN,BFG,7/29/2022,9/5/2022,17.11,Gabtune,Cancelled
41.0,LSU,YBA,7/31/2022,4/23/2022,17.81,Photofeed,Delayed
42.0,JRA,STD,2/6/2022,7/31/2022,20.25,Shuffletag,Delayed
43.0,MQN,ZIH,8/7/2022,10/28/2022,21.64,Kaymbo,Delayed
44.0,0,QNV,6/11/2022,1/24/2022,16.24,Blognation,Delayed
45.0,ZSW,TLR,6/8/2022,8/19/2022,12.52,Topdrive,Cancelled
46.0,YJS,CSE,3/7/2022,4/2/2022,19.9,Meetz,Cancelled
47.0,BVA,YZD,5/1/2022,2/20/2022,17.98,Latz,Delayed
48.0,SGR,OKG,2/26/2022,4/9/2022,1.7,Skinte,Delayed
49.0,USK,DZU,7/24/2022,1/21/2022,4.91,Innojam,On-time
50.0,MEB,LWB,7/17/2022,9/26/2022,6.08,Voomm,On-time
51.0,EAB,BSC,8/18/2022,9/20/2022,9.83,Skinix,Delayed
52.0,VYS,SDQ,9/23/2022,8/14/2022,4.25,Plajo,On-time
53.0,GSR,OZR,7/25/2022,3/9/2022,4.73,Skimia,Delayed
54.0,BCA,AKD,2/4/2022,4/17/2022,17.94,Browsezoom,Delayed
55.0,ULY,FAT,5/16/2022,5/26/2022,8.64,Innotype,On-time
56.0,EJA,DLU,3/6/2022,6/21/2022,21.87,Rhyzio,On-time
57.0,RAH,BYS,12/26/2022,3/3/2022,18.88,Flipbug,Delayed
58.0,IHU,XQC,10/13/2022,11/18/2022,19.75,Brightdog,Delayed
59.0,YGW,YAP,9/5/2022,10/20/2022,9.43,Nlounge,On-time
60.0,MRW,LYK,3/26/2022,3/6/2022,23.9,Tanoodle,Cancelled
61.0,MZB,WAL,12/2/2022,7/4/2022,1.3,Kwideo,On-time
62.0,0,CIR,4/14/2022,10/11/2022,20.49,Leenti,Cancelled
63.0,BIV,DED,6/29/2022,3/3/2022,19.06,Meedoo,Delayed
64.0,WOL,AAM,3/9/2022,9/26/2022,14.84,Viva,Delayed
65.0,SUJ,WED,11/16/2022,1/15/2022,15.29,Gigaclub,Delayed
66.0,WEP,DLH,1/24/2022,10/6/2022,2.33,Brainbox,Cancelled
67.0,TEP,HFA,3/31/2022,4/29/2022,20.1,Flashspan,On-time
68.0,IGE,URJ,10/29/2022,2/12/2022,11.1,Browsedrive,On-time
69.0,TSD,DND,7/25/2022,3/7/2022,6.55,Quatz,Delayed
70.0,ULI,LPN,2/26/2022,9/13/2022,7.79,Zoonder,On-time
71.0,PQS,AHO,9/30/2022,9/30/2022,11.29,Shuffledrive,Delayed
72.0,SJF,DYR,4/27/2022,10/1/2022,2.55,Realblab,Delayed
73.0,MKS,DYM,10/26/2022,9/21/2022,13.61,Vipe,Delayed
74.0,SPW,CYZ,5/29/2022,11/3/2022,3.97,Eidel,Delayed
75.0,RDC,YZH,5/23/2022,3/17/2022,8.11,Skipstorm,Delayed
76.0,OHR,KAQ,8/12/2022,5/1/2022,16.48,InnoZ,On-time
77.0,MYY,MXR,6/23/2022,4/10/2022,8.57,Pixope,Cancelled
78.0,BBQ,CZH,6/1/2022,12/6/2022,22.31,Jabbertype,Delayed
79.0,SZF,SPJ,9/26/2022,8/30/2022,2.48,Trunyx,On-time
80.0,OBE,TSZ,1/1/2022,4/10/2022,15.38,Blognation,On-time
81.0,YRT,BEQ,10/6/2022,12/17/2022,19.89,Skyndu,On-time
82.0,EIH,BZD,10/17/2022,4/1/2022,10.76,Zoombeat,Delayed
83.0,ABD,QPA,4/6/2022,8/17/2022,3.57,Yadel,On-time
84.0,BXJ,TAC,7/15/2022,11/10/2022,18.84,Twitternation,On-time
85.0,OUT,SLC,12/17/2022,9/20/2022,3.0,Skimia,On-time
86.0,YMK,KPF,12/14/2022,8/26/2022,18.55,Topicstorm,Delayed
87.0,DPA,KCA,8/15/2022,4/9/2022,19.18,Topicblab,Delayed
88.0,LNJ,PDC,7/27/2022,11/15/2022,15.17,Skyba,Delayed
89.0,CIU,CAZ,6/10/2022,9/15/2022,10.54,DabZ,Delayed
90.0,MEK,TYN,5/18/2022,3/20/2022,13.06,Mycat,Delayed
91.0,AAO,SPY,5/4/2022,12/21/2022,1.36,Photobug,On-time
92.0,BAR,RJL,4/7/2022,2/11/2022,20.12,Zoonder,Cancelled
94.0,ANY,AUG,12/14/2022,5/21/2022,7.3,Thoughtstorm,Delayed
95.0,PVU,SHA,3/6/2022,5/20/2022,16.71,Photojam,Cancelled
96.0,CVN,TNR,8/6/2022,9/6/2022,23.48,Quamba,On-time
97.0,HYS,MYA,10/3/2022,3/3/2022,21.67,Tagopia,Delayed
98.0,OVB,MKJ,12/17/2022,12/3/2022,22.2,Tagtune,Cancelled
99.0,QSX,ELC,3/8/2022,9/24/2022,14.16,Trilith,On-time
100.0,RDU,HTI,10/20/2022,6/24/2022,13.49,Dynazzy,Cancelled
101.0,QIG,UNI,10/26/2022,4/10/2022,3.66,Meejo,On-time
102.0,AMF,MPU,2/26/2022,7/3/2022,6.33,Fivebridge,Cancelled
103.0,RZH,MGG,7/1/2022,9/1/2022,3.2,Oyondu,Cancelled
104.0,QCP,TNQ,3/4/2022,6/25/2022,3.46,Devcast,Delayed
105.0,TAK,KCM,8/22/2022,11/29/2022,1.58,Abata,Delayed
106.0,NYI,YWO,9/1/2022,1/6/2022,5.36,Dablist,On-time
107.0,TRA,GBV,1/3/2022,2/28/2022,9.67,Brainbox,On-time
108.0,KMZ,RMQ,9/8/2022,8/21/2022,18.0,Yambee,Cancelled
109.0,BJE,TCH,8/25/2022,4/1/2022,4.88,Quamba,On-time
110.0,MNO,YEO,5/1/2022,12/25/2022,2.68,Oyoyo,Cancelled
111.0,OGL,FHU,7/27/2022,9/12/2022,23.93,Yacero,On-time
112.0,WKL,FLX,11/9/2022,10/25/2022,14.57,Shufflebeat,Delayed
113.0,ACM,MSI,3/26/2022,9/15/2022,10.23,Fivebridge,Cancelled
114.0,RTP,JKV,4/16/2022,6/19/2022,2.1,Babbleopia,Cancelled
116.0,KLU,VCA,1/23/2022,5/15/2022,1.56,Thoughtbeat,On-time
117.0,HYN,WSZ,9/28/2022,7/27/2022,1.76,Riffpath,Cancelled
118.0,KAM,KPI,1/21/2022,8/23/2022,18.84,Flashpoint,On-time
119.0,SXO,ALR,2/3/2022,9/7/2022,8.28,Yoveo,Cancelled
120.0,EVE,HSG,10/28/2022,12/11/2022,4.28,Blogspan,Cancelled
121.0,MRV,WEF,4/19/2022,9/28/2022,7.66,Fivechat,On-time
122.0,GJA,EGS,4/9/2022,3/5/2022,8.66,Oyoloo,Cancelled
123.0,PKP,ROO,5/3/2022,4/25/2022,14.02,Youtags,Cancelled
124.0,BBV,OTT,6/10/2022,12/11/2022,22.63,Fanoodle,Delayed
125.0,BGO,ZTH,6/30/2022,7/24/2022,9.67,Buzzshare,On-time
126.0,LSN,LTR,2/19/2022,11/30/2022,13.47,Janyx,On-time
127.0,BXN,DNF,6/3/2022,10/7/2022,5.46,Brightbean,Delayed
128.0,VLA,SPP,10/25/2022,8/8/2022,9.15,BlogXS,On-time
129.0,BFD,ZGL,3/29/2022,11/4/2022,13.01,Skalith,On-time
130.0,DOL,DCU,8/23/2022,10/21/2022,23.5,Fatz,Cancelled
131.0,0,KWY,3/9/2022,11/2/2022,17.9,Blognation,On-time
132.0,HBR,NPL,7/28/2022,9/10/2022,13.32,Zoonder,Cancelled
133.0,OCF,IGA,11/19/2022,2/23/2022,5.37,Kwinu,On-time
134.0,VUP,MHO,5/30/2022,12/13/2022,1.3,Teklist,Delayed
135.0,PZY,UBI,4/25/2022,3/30/2022,16.53,Katz,On-time
136.0,0,JHB,5/26/2022,11/25/2022,9.96,Twitterlist,Delayed
137.0,LTT,OKC,11/12/2022,2/24/2022,22.39,Livetube,Delayed
138.0,OLF,PRB,9/9/2022,5/7/2022,1.21,Meejo,On-time
139.0,MCK,TAU,1/20/2022,10/1/2022,21.06,Abata,On-time
140.0,WLC,AGL,3/11/2022,2/9/2022,10.08,Edgetag,Delayed
141.0,IXV,LBY,9/28/2022,10/15/2022,15.66,Skinix,Cancelled
142.0,COZ,AML,6/10/2022,9/30/2022,14.9,Quire,On-time
143.0,OPO,EGA,4/2/2022,2/2/2022,8.11,Innojam,On-time
145.0,ODJ,XCL,12/17/2022,8/5/2022,22.94,Realbuzz,Cancelled
146.0,SGT,CPR,5/3/2022,5/18/2022,7.38,Jabberstorm,Delayed
147.0,CHS,LIH,10/31/2022,11/5/2022,23.23,Twitterlist,Cancelled
148.0,TAM,ICL,10/22/2022,3/3/2022,14.82,Ntags,On-time
149.0,KWO,PNB,6/23/2022,5/23/2022,13.72,Photobug,Cancelled
150.0,SRV,PTZ,11/27/2022,10/12/2022,18.2,Rhyloo,Cancelled
151.0,TPN,SLL,3/20/2022,2/10/2022,11.5,Teklist,On-time
152.0,MZC,DPK,7/13/2022,10/4/2022,20.47,Meevee,On-time
153.0,HYR,GAX,6/11/2022,3/16/2022,9.8,Plajo,Cancelled
154.0,IRP,NSK,11/30/2022,1/20/2022,14.8,Ozu,Cancelled
155.0,PEA,IVR,3/12/2022,7/29/2022,11.25,Oyoba,On-time
156.0,VVI,AAO,4/6/2022,10/17/2022,17.76,Fivechat,On-time
157.0,GML,DLG,1/21/2022,12/19/2022,2.31,Skalith,On-time
158.0,LFN,TVU,7/28/2022,11/6/2022,16.68,Realcube,Cancelled
159.0,IQQ,SRM,5/16/2022,6/12/2022,1.08,Vimbo,Delayed
160.0,BAU,OFU,11/18/2022,5/2/2022,16.95,Digitube,On-time
161.0,ZQZ,CNT,2/10/2022,2/13/2022,6.47,Zooxo,Cancelled
162.0,CMG,BHL,3/12/2022,6/5/2022,18.05,Buzzster,Delayed
163.0,EJT,0,12/27/2022,5/23/2022,18.77,Mynte,Cancelled
164.0,BTJ,DSA,11/24/2022,4/3/2022,19.24,Skinte,On-time
165.0,DSM,EDR,7/2/2022,3/22/2022,1.39,Voonte,Cancelled
166.0,XZA,PNU,2/24/2022,5/16/2022,23.71,Vinder,Delayed
167.0,RBP,VIS,7/27/2022,10/30/2022,8.57,Yombu,On-time
168.0,BQI,DXB,12/12/2022,7/23/2022,23.47,Eamia,On-time
169.0,TVA,OUR,9/11/2022,5/2/2022,16.55,Riffpath,Delayed
170.0,XIJ,0,1/21/2022,6/5/2022,21.16,Yadel,Cancelled
171.0,YHK,TOB,3/11/2022,11/23/2022,17.33,Jaloo,Delayed
172.0,FLN,KZC,7/14/2022,1/17/2022,16.78,Pixoboo,Cancelled
173.0,MRG,GGM,4/13/2022,6/20/2022,1.54,Tagopia,Cancelled
174.0,NFG,LKD,1/4/2022,12/25/2022,20.36,Livetube,Delayed
175.0,KIA,ULV,12/18/2022,8/6/2022,16.87,Feedfish,Cancelled
176.0,NTU,RLA,12/1/2022,8/14/2022,6.41,Yodoo,Delayed
177.0,VNO,OMI,4/26/2022,9/26/2022,19.28,Aivee,On-time
178.0,CSV,UTR,1/3/2022,3/23/2022,4.34,Demimbu,Delayed
179.0,INL,RGH,8/20/2022,11/7/2022,3.8,Topicshots,Delayed
180.0,FAR,XRR,7/27/2022,12/29/2022,16.51,Riffwire,Cancelled
181.0,ERV,SBS,4/2/2022,7/6/2022,12.68,Twitterlist,On-time
182.0,ISP,SXV,10/5/2022,1/30/2022,17.42,Linklinks,On-time
183.0,HCA,TPU,11/11/2022,6/26/2022,7.16,Brainverse,On-time
184.0,BUR,IWO,7/26/2022,11/7/2022,5.69,Skinder,Cancelled
185.0,SCI,MUN,5/6/2022,6/24/2022,7.91,Wikizz,Delayed
186.0,SSG,OHB,10/24/2022,6/2/2022,9.5,Tanoodle,Cancelled
187.0,YMN,QRO,8/1/2022,2/13/2022,14.16,Innotype,Delayed
188.0,0,RHN,6/20/2022,10/24/2022,14.61,Tazz,Cancelled
189.0,ECA,LWK,1/17/2022,3/31/2022,10.25,Jabbersphere,On-time
191.0,BYC,OAN,5/25/2022,3/17/2022,12.43,Realmix,Delayed
192.0,LSC,EMN,9/17/2022,4/13/2022,5.61,Topicstorm,On-time
193.0,RBG,PUN,9/17/2022,7/12/2022,8.66,Devify,On-time
194.0,ONP,ALC,1/17/2022,8/2/2022,14.5,Camimbo,On-time
195.0,ZKM,DUB,4/6/2022,6/17/2022,23.6,Npath,Delayed
196.0,TRU,YEI,2/18/2022,4/15/2022,10.22,Tagcat,On-time
197.0,ZBE,PAS,11/30/2022,10/10/2022,14.17,Oba,Cancelled
198.0,DNF,QCR,3/11/2022,12/27/2022,16.6,Skyvu,On-time
199.0,YPH,KBW,4/21/2022,1/17/2022,6.05,Divanoodle,Cancelled
200.0,BWT,ESM,6/4/2022,8/16/2022,20.44,Linkbridge,Cancelled
201.0,KBP,LBF,10/1/2022,1/24/2022,23.28,Izio,Delayed
202.0,DKK,DNL,7/10/2022,8/16/2022,2.04,Quamba,Delayed
203.0,VER,GYL,4/22/2022,1/13/2022,20.35,Gigazoom,Delayed
204.0,INM,TTE,10/9/2022,5/8/2022,16.77,Riffpedia,Delayed
205.0,YLI,KUO,1/2/2022,7/23/2022,5.48,Skinder,Cancelled
206.0,DUN,MWE,4/26/2022,5/17/2022,22.27,Eidel,On-time
207.0,ZUD,CGD,12/21/2022,7/21/2022,21.71,Eire,On-time
208.0,MOC,OIA,9/28/2022,4/11/2022,23.35,Flipopia,Delayed
209.0,AFL,SDB,7/15/2022,8/17/2022,10.96,Photobug,Delayed
210.0,SLV,SUO,1/2/2022,11/14/2022,9.47,Wikivu,Delayed
211.0,SDD,LBR,9/25/2022,3/18/2022,7.76,Cogilith,On-time
212.0,JCJ,BHC,4/20/2022,7/10/2022,3.81,Zoonoodle,Cancelled
213.0,VAM,DMD,8/21/2022,4/30/2022,16.46,Zoovu,Delayed
215.0,SQE,TRB,12/6/2022,11/27/2022,13.21,Zoonder,On-time
216.0,KYT,TFY,1/13/2022,10/19/2022,22.87,Zooveo,Cancelled
217.0,AUC,GLV,6/1/2022,3/16/2022,17.21,Avamba,Cancelled
218.0,AXB,0,8/8/2022,7/8/2022,10.58,Quimba,Cancelled
219.0,SSK,QJD,6/11/2022,3/11/2022,15.95,Jazzy,Delayed
220.0,MCA,PER,9/30/2022,7/14/2022,3.08,Flashspan,On-time
221.0,URS,CHF,4/20/2022,2/14/2022,17.67,Yambee,Cancelled
222.0,SIN,BZI,3/18/2022,5/15/2022,22.16,Oba,Delayed
223.0,JUV,0,12/5/2022,4/9/2022,9.79,Youtags,On-time
224.0,FRY,PSQ,9/29/2022,3/5/2022,20.19,Meemm,On-time
225.0,CYW,OXB,4/3/2022,5/23/2022,18.17,Zazio,Cancelled
226.0,HUO,LVS,10/20/2022,12/17/2022,18.9,Dablist,Delayed
227.0,WVK,KAB,12/8/2022,1/30/2022,8.79,Meezzy,Cancelled
228.0,YQA,LTB,5/1/2022,1/25/2022,17.78,Realbridge,On-time
229.0,KOL,CER,9/19/2022,8/24/2022,18.63,Mita,On-time
230.0,SXG,YBX,7/17/2022,12/8/2022,2.05,Digitube,Cancelled
231.0,EOH,PNL,3/20/2022,9/18/2022,9.26,Meezzy,On-time
232.0,MAS,KSH,12/13/2022,5/17/2022,10.88,Kamba,Cancelled
234.0,CEC,CFR,7/10/2022,11/6/2022,1.03,Aivee,Delayed
235.0,CWI,PLT,9/24/2022,12/13/2022,16.65,Wikibox,On-time
236.0,MDQ,ASK,8/24/2022,2/28/2022,16.11,Riffwire,On-time
237.0,BPG,NCJ,11/21/2022,9/11/2022,1.89,Skinix,Cancelled
238.0,BUX,CWR,5/19/2022,7/9/2022,13.9,Jabberbean,Cancelled
239.0,WLE,MLM,2/18/2022,8/12/2022,1.27,Centimia,Delayed
240.0,RNZ,HKY,8/26/2022,7/17/2022,2.06,Wikibox,On-time
241.0,RZP,RHO,9/12/2022,11/17/2022,2.05,Blognation,Cancelled
242.0,THV,VAG,5/27/2022,4/11/2022,8.87,Flipopia,Cancelled
243.0,GED,PEG,6/11/2022,2/5/2022,4.25,Shufflebeat,Cancelled
244.0,SRY,PTC,6/24/2022,4/3/2022,12.57,Skinix,Cancelled
245.0,CTF,YTB,4/17/2022,6/25/2022,11.08,Thoughtstorm,Delayed
246.0,PDA,RIM,10/9/2022,8/8/2022,16.33,Jetwire,Cancelled
247.0,TRW,AME,4/19/2022,11/22/2022,4.63,Yambee,Delayed
249.0,OLL,BNR,9/9/2022,4/24/2022,21.82,Brainlounge,Delayed
250.0,ZAD,PGR,3/12/2022,9/22/2022,10.62,Zoonoodle,Cancelled
251.0,SDS,ELF,8/9/2022,8/19/2022,17.85,Oyoloo,On-time
252.0,YER,TRG,10/3/2022,8/3/2022,9.81,Yodoo,On-time
253.0,NTU,AUU,8/18/2022,1/17/2022,17.99,Thoughtmix,On-time
254.0,CMB,LPQ,5/27/2022,7/6/2022,23.97,Bluezoom,Cancelled
255.0,MWE,AUS,10/29/2022,2/1/2022,13.24,Eimbee,Cancelled
256.0,CIU,HTT,12/26/2022,6/13/2022,15.68,Quaxo,Cancelled
257.0,RGO,PMY,9/18/2022,1/26/2022,9.88,Photobean,Delayed
258.0,ENF,IRO,11/10/2022,2/3/2022,20.99,Dynava,Cancelled
260.0,UTO,BNU,9/23/2022,8/11/2022,23.45,Zoomzone,Delayed
261.0,FOK,TRS,3/22/2022,3/15/2022,18.54,Digitube,On-time
262.0,SBS,MWD,7/20/2022,4/12/2022,23.63,Thoughtbridge,Cancelled
264.0,LIC,OXB,1/28/2022,8/6/2022,13.75,Blogtag,Delayed
265.0,ROH,YAY,6/8/2022,1/24/2022,14.93,Yambee,Cancelled
266.0,MRE,VRB,4/30/2022,8/22/2022,22.78,Gigabox,On-time
267.0,PGZ,BCJ,12/1/2022,10/15/2022,15.71,Divavu,Cancelled
268.0,TVL,ROU,10/22/2022,10/20/2022,13.45,Fiveclub,On-time
269.0,KCE,WKL,8/22/2022,9/15/2022,18.13,Dynava,Cancelled
270.0,MBG,PEG,7/17/2022,6/25/2022,9.45,Roomm,Delayed
271.0,KSZ,MFP,5/26/2022,6/22/2022,22.65,Mynte,Cancelled
272.0,CQS,DUJ,8/31/2022,12/30/2022,4.55,Thoughtworks,On-time
274.0,HFS,CPT,5/5/2022,2/10/2022,1.5,Eimbee,Delayed
275.0,MIS,NKG,9/18/2022,3/27/2022,9.88,Rhyloo,Cancelled
276.0,SCU,POD,11/14/2022,8/10/2022,5.15,Photobean,On-time
277.0,HGA,LXN,11/9/2022,12/24/2022,8.1,Photofeed,On-time
278.0,AEH,CWP,12/11/2022,4/1/2022,4.58,Brainlounge,Cancelled
279.0,HSS,JAS,6/17/2022,5/3/2022,7.55,Feedmix,Delayed
280.0,HTA,UBA,1/2/2022,4/14/2022,23.78,Ailane,Cancelled
281.0,IGO,TBU,3/3/2022,11/4/2022,10.0,Trilith,On-time
282.0,FOG,KGI,4/22/2022,2/7/2022,12.7,Shufflester,On-time
283.0,HMJ,LHG,6/7/2022,9/6/2022,12.99,Eazzy,Cancelled
284.0,ZNA,PGM,4/16/2022,4/22/2022,9.71,Fivespan,Cancelled
285.0,ATI,FBA,7/6/2022,8/17/2022,3.27,Wikido,Cancelled
286.0,GRW,SAB,4/27/2022,10/28/2022,1.27,Centidel,Cancelled
287.0,TIM,MNE,10/6/2022,5/31/2022,3.61,Flashspan,On-time
288.0,YQY,KBA,11/26/2022,1/18/2022,23.29,Wikizz,Cancelled
289.0,CCH,MTS,12/29/2022,12/13/2022,2.94,Browsebug,On-time
290.0,PYY,CAQ,3/4/2022,4/1/2022,16.78,Gevee,Delayed
291.0,PIK,LNX,10/30/2022,8/19/2022,1.49,Kwinu,Delayed
292.0,IMK,TAN,6/23/2022,12/26/2022,9.59,Kwideo,Delayed
293.0,ONU,MFF,6/18/2022,10/22/2022,21.95,Skyndu,Cancelled
294.0,KOF,RVE,12/22/2022,5/25/2022,4.64,Dynazzy,Delayed
295.0,KCA,JTI,11/6/2022,11/18/2022,14.43,Trilith,Delayed
296.0,GSI,WLA,1/8/2022,9/3/2022,13.7,Muxo,Cancelled
297.0,THN,ARS,8/24/2022,12/19/2022,8.14,Browsetype,Delayed
298.0,CLY,API,10/27/2022,9/4/2022,20.67,Rhyloo,Delayed
299.0,INN,MQY,6/13/2022,2/13/2022,6.66,Rhynyx,Cancelled
300.0,GCJ,BZR,3/11/2022,5/27/2022,3.52,Avaveo,On-time
301.0,URT,CQM,2/1/2022,9/20/2022,3.89,Babbleopia,Delayed
302.0,PAH,ELY,4/25/2022,6/12/2022,16.06,Tagtune,Delayed
303.0,SAV,SZT,3/11/2022,4/12/2022,13.72,Babbleblab,Delayed
304.0,IHN,YTX,6/21/2022,4/5/2022,9.93,Realbridge,Cancelled
305.0,RVY,CTD,12/2/2022,12/27/2022,18.31,Babbleopia,On-time
307.0,DAS,AVW,11/11/2022,7/21/2022,8.76,Zazio,Cancelled
308.0,TTI,TTS,11/16/2022,7/12/2022,8.69,Centizu,Delayed
309.0,WIB,UND,8/5/2022,10/16/2022,5.55,Vinder,On-time
310.0,CAD,LTU,3/27/2022,5/27/2022,6.94,Zoombeat,On-time
311.0,ZJN,TRY,3/20/2022,2/28/2022,3.44,Jaxbean,Delayed
312.0,CLW,PGF,9/15/2022,11/16/2022,6.7,Yotz,On-time
313.0,BTV,MYL,12/30/2022,7/15/2022,9.29,Zooveo,Cancelled
314.0,VGO,SFS,10/24/2022,6/8/2022,6.22,Trilia,Delayed
315.0,TFM,GXX,9/5/2022,11/19/2022,6.2,Fiveclub,Delayed
316.0,KZR,RHN,5/22/2022,8/5/2022,20.52,Feedspan,Delayed
317.0,GLW,YYD,1/18/2022,1/29/2022,22.76,Mydeo,On-time
318.0,NHS,FRC,3/29/2022,2/9/2022,4.81,Realmix,Delayed
319.0,BQD,AEK,12/30/2022,5/21/2022,5.28,Zoomcast,On-time
320.0,XNA,LIA,4/13/2022,3/10/2022,8.85,Topicware,Delayed
321.0,JHM,CEO,7/5/2022,2/10/2022,7.0,Rhycero,Delayed
322.0,0,PAX,5/11/2022,7/31/2022,5.76,Roomm,Delayed
323.0,WMX,VGA,3/29/2022,10/1/2022,9.08,Meejo,Cancelled
324.0,IAB,SQG,8/3/2022,12/30/2022,18.84,Gigabox,On-time
325.0,MQS,YQD,5/6/2022,1/10/2022,10.07,Quimba,Delayed
326.0,SEK,XKH,10/6/2022,10/7/2022,23.28,Tazz,On-time
327.0,KHK,UMC,5/26/2022,9/27/2022,8.01,Rhynoodle,On-time
328.0,TNH,OMA,7/15/2022,12/1/2022,7.05,Topicstorm,On-time
329.0,LDZ,BSN,8/11/2022,12/9/2022,2.4,Flashdog,On-time
330.0,WYB,OJC,9/3/2022,3/24/2022,8.38,Fadeo,Delayed
331.0,MND,CLH,7/20/2022,7/7/2022,2.63,Cogilith,Delayed
332.0,ERU,DZA,1/9/2022,5/1/2022,15.57,Tazz,On-time
333.0,GRM,BNX,2/19/2022,12/4/2022,9.67,Aimbo,Cancelled
334.0,KZN,VCS,9/3/2022,7/17/2022,2.64,Chatterbridge,Delayed
336.0,HBB,VIQ,1/21/2022,11/25/2022,18.19,Thoughtstorm,On-time
337.0,RLT,MYF,3/14/2022,11/14/2022,11.96,Jaxspan,Delayed
338.0,JOG,YAC,1/2/2022,1/21/2022,22.42,Digitube,On-time
339.0,LCN,BHA,1/3/2022,7/28/2022,12.05,Meezzy,On-time
340.0,YYD,AYS,4/5/2022,4/3/2022,2.33,Trunyx,On-time
341.0,PZA,EMI,7/8/2022,6/21/2022,4.23,Bluezoom,On-time
342.0,FWH,DPB,4/15/2022,3/7/2022,22.28,Wikizz,Cancelled
343.0,GVR,SLT,2/5/2022,7/15/2022,5.78,Meedoo,On-time
344.0,EMT,CCZ,9/22/2022,10/5/2022,13.19,Browsezoom,Cancelled
345.0,EWB,OZH,4/29/2022,6/15/2022,13.1,Fivespan,Delayed
346.0,TGU,YZT,2/5/2022,4/22/2022,7.72,Buzzbean,Delayed
347.0,JYV,BTG,2/4/2022,2/22/2022,7.87,Flipbug,On-time
348.0,TCX,SEE,4/15/2022,5/3/2022,11.27,Zoomlounge,Delayed
350.0,CHH,GOK,4/29/2022,1/2/2022,15.35,Riffpath,Delayed
351.0,BFH,EAM,2/16/2022,9/9/2022,9.34,Roombo,On-time
353.0,TKO,TNX,7/12/2022,4/2/2022,2.07,Rhyzio,Cancelled
354.0,LRH,LGR,3/12/2022,8/20/2022,1.69,Ozu,On-time
356.0,ZFU,PJM,6/27/2022,9/23/2022,11.41,Wikizz,Cancelled
357.0,YAA,PNH,2/1/2022,2/26/2022,1.15,Vitz,Cancelled
358.0,SRT,GPA,1/17/2022,5/27/2022,11.25,Skiba,On-time
359.0,FCS,DOO,1/6/2022,1/14/2022,11.39,Dynazzy,Delayed
360.0,COM,SNA,5/4/2022,10/10/2022,17.25,Bubblebox,On-time
361.0,CVS,ZST,5/21/2022,3/10/2022,12.61,Yacero,On-time
362.0,EIY,MOM,4/11/2022,3/5/2022,21.57,Ntags,Cancelled
363.0,OML,XTL,11/20/2022,4/15/2022,12.69,Viva,On-time
364.0,THC,AMF,1/28/2022,11/5/2022,5.28,Realcube,On-time
365.0,MYE,ATS,4/20/2022,5/8/2022,17.43,Feedmix,Cancelled
366.0,RIL,FSZ,7/2/2022,1/12/2022,14.95,Jaxnation,On-time
367.0,ROH,ADK,10/4/2022,4/22/2022,23.83,Npath,On-time
368.0,KLE,TYG,3/25/2022,5/19/2022,13.98,Browseblab,Cancelled
369.0,FRU,SOE,3/27/2022,9/30/2022,23.48,Leexo,Cancelled
370.0,GUU,HYD,6/30/2022,6/9/2022,15.58,Skaboo,Cancelled
371.0,LDK,IFL,8/12/2022,8/5/2022,21.47,Jamia,Delayed
372.0,NDD,UMY,1/9/2022,6/25/2022,14.46,Skibox,Cancelled
373.0,YVP,ITI,3/21/2022,9/20/2022,11.73,Browseblab,Cancelled
374.0,YKC,SKY,6/26/2022,2/20/2022,16.49,Tagtune,Cancelled
375.0,WHP,PBO,11/14/2022,12/3/2022,20.47,Ainyx,Cancelled
376.0,RNE,OXB,4/3/2022,8/6/2022,14.16,Youspan,Delayed
377.0,LUD,GRL,3/24/2022,3/28/2022,14.14,Rhybox,Delayed
378.0,KML,YSQ,12/6/2022,7/1/2022,7.94,Fanoodle,On-time
379.0,OLJ,KKD,5/3/2022,6/3/2022,22.73,Riffpath,On-time
381.0,YIH,UNK,3/1/2022,12/21/2022,5.14,Layo,Cancelled
382.0,YLJ,TAL,1/11/2022,6/11/2022,9.42,Feedbug,Cancelled
383.0,ICL,ISW,7/27/2022,5/27/2022,11.36,Gigazoom,Cancelled
384.0,YYT,ROS,10/1/2022,4/19/2022,15.86,Devcast,Cancelled
385.0,RSN,BLU,2/15/2022,5/20/2022,7.21,Jayo,On-time
386.0,ZCN,KKO,3/14/2022,1/6/2022,23.65,Flashset,Delayed
387.0,BHA,AFZ,10/19/2022,11/5/2022,7.76,Abatz,Cancelled
388.0,BUZ,DTB,5/26/2022,10/20/2022,18.38,Eamia,Cancelled
389.0,GDQ,RMD,3/11/2022,10/17/2022,2.58,Devpoint,Cancelled
390.0,MAA,PSI,7/1/2022,11/27/2022,11.88,Rhyzio,On-time
391.0,EHM,DHD,12/21/2022,8/18/2022,2.43,Photofeed,Cancelled
392.0,KOR,PIU,8/1/2022,8/23/2022,14.72,Bluezoom,Cancelled
393.0,LOF,RNO,4/2/2022,4/14/2022,17.38,Flashspan,Delayed
394.0,QPA,XTO,1/2/2022,1/25/2022,2.57,Kazu,Cancelled
395.0,WPC,BZH,11/18/2022,3/24/2022,11.91,Skiptube,Delayed
396.0,JWA,ZIZ,5/11/2022,4/14/2022,17.33,Gabtune,Cancelled
397.0,AAI,KOL,9/15/2022,2/26/2022,5.86,Rooxo,Delayed
398.0,BNW,EHL,7/29/2022,6/3/2022,7.49,Realmix,Delayed
399.0,TEX,CNJ,2/12/2022,6/4/2022,11.83,Avaveo,Delayed
400.0,HKT,BZU,10/15/2022,8/30/2022,4.31,Topicblab,Cancelled
401.0,AAS,AUO,2/26/2022,11/1/2022,22.97,Trilith,On-time
402.0,DWD,BYM,7/23/2022,3/27/2022,5.15,Feedspan,Delayed
403.0,BKO,NUS,2/15/2022,6/4/2022,12.52,Meemm,On-time
404.0,PMM,DUA,4/4/2022,7/29/2022,7.92,Zoonder,On-time
405.0,0,PVI,3/12/2022,10/28/2022,15.57,Yamia,Delayed
406.0,CET,JIQ,12/20/2022,7/20/2022,5.8,Youfeed,On-time
407.0,PUJ,SSS,9/15/2022,6/20/2022,23.72,Leexo,Cancelled
408.0,BVO,LYC,8/14/2022,3/28/2022,23.21,Photobean,Delayed
409.0,LYR,TGZ,1/25/2022,3/27/2022,17.84,Skyndu,On-time
410.0,YKE,OEC,10/11/2022,3/26/2022,18.55,Brainsphere,On-time
411.0,KUC,AGJ,8/11/2022,5/3/2022,13.2,Izio,Delayed
412.0,SBE,BPN,7/20/2022,3/2/2022,4.44,Feednation,Delayed
413.0,KMH,RMI,5/18/2022,4/2/2022,4.4,Feedbug,Cancelled
414.0,TUI,GTR,3/31/2022,11/4/2022,4.94,Layo,Delayed
415.0,CIC,MSA,7/13/2022,12/18/2022,10.74,Leenti,On-time
416.0,UTP,HDB,2/14/2022,8/13/2022,11.96,Voomm,Cancelled
417.0,CKR,TIA,9/20/2022,5/22/2022,20.49,Yombu,Cancelled
418.0,ULI,GLP,12/8/2022,8/31/2022,16.08,Twimm,Delayed
419.0,PNQ,SCU,12/26/2022,1/1/2022,11.69,Avaveo,Cancelled
420.0,UPN,ANR,4/29/2022,3/20/2022,13.17,Eadel,Cancelled
421.0,LEX,HUD,8/12/2022,6/5/2022,22.74,Ooba,Cancelled
422.0,KLJ,ZAM,7/30/2022,9/19/2022,20.51,Topiclounge,On-time
423.0,RGK,WMK,7/15/2022,4/24/2022,4.66,Skimia,On-time
424.0,QCJ,WGA,1/19/2022,5/14/2022,11.93,Devpulse,Cancelled
425.0,BRL,TDA,6/4/2022,7/13/2022,16.09,Rhynyx,Cancelled
426.0,ZGI,0,1/26/2022,6/29/2022,3.35,Trudeo,Cancelled
427.0,QCU,KVL,5/29/2022,4/27/2022,15.65,Voomm,Cancelled
428.0,SUP,CJM,3/16/2022,3/3/2022,21.67,Muxo,Delayed
429.0,MPX,LMP,5/16/2022,5/21/2022,17.69,Flipbug,Delayed
430.0,PGB,KIM,5/2/2022,12/7/2022,16.4,Twitterlist,Delayed
431.0,FLF,VJI,7/21/2022,7/23/2022,11.97,Vitz,Cancelled
432.0,QFO,ZZO,6/20/2022,6/10/2022,10.16,Dynabox,Cancelled
433.0,CGG,RIW,10/1/2022,7/6/2022,2.78,Trilia,On-time
434.0,LFO,LEK,10/19/2022,6/14/2022,17.89,Realfire,Cancelled
435.0,TGC,PYH,8/24/2022,9/22/2022,9.22,Edgetag,Delayed
436.0,KLW,UMU,2/9/2022,11/22/2022,10.05,Demizz,On-time
437.0,NKN,DIP,10/10/2022,5/23/2022,14.09,Photofeed,On-time
438.0,PGO,BMC,9/14/2022,12/5/2022,10.19,Bubbletube,Delayed
439.0,LDH,EMM,11/12/2022,8/17/2022,15.55,Gabtype,Cancelled
440.0,USL,RGK,1/20/2022,5/31/2022,18.6,Quimba,Delayed
441.0,YCQ,PUL,3/27/2022,2/9/2022,12.59,Bluezoom,Cancelled
442.0,KMU,KCN,5/1/2022,3/23/2022,20.4,Photobug,Delayed
443.0,BAI,ONP,2/7/2022,11/24/2022,8.73,Rhynoodle,Delayed
444.0,PFQ,HEA,9/4/2022,9/4/2022,15.08,Blogpad,Cancelled
445.0,PFO,WMP,7/28/2022,6/16/2022,15.68,Omba,Cancelled
446.0,AYA,KOC,8/16/2022,10/12/2022,22.42,Flipbug,Cancelled
447.0,TOR,FOM,10/9/2022,8/10/2022,16.62,Photofeed,Delayed
448.0,SIX,BFL,1/8/2022,2/24/2022,22.64,Riffpath,Cancelled
449.0,NLK,XJD,3/30/2022,7/23/2022,15.78,Wordpedia,Cancelled
450.0,MUF,KBC,4/13/2022,9/5/2022,1.58,Browsezoom,Cancelled
451.0,MKH,XRH,7/2/2022,7/20/2022,21.46,Tavu,On-time
452.0,LYR,MFN,9/7/2022,10/5/2022,16.14,Devshare,Cancelled
453.0,NLV,YAM,3/25/2022,6/30/2022,22.45,Trudeo,On-time
454.0,FRY,YLC,3/8/2022,8/3/2022,22.26,Dabvine,Delayed
455.0,EAU,VVI,1/31/2022,2/24/2022,6.07,Voonder,Delayed
456.0,LAJ,SIN,9/27/2022,7/22/2022,5.7,Tagfeed,Delayed
457.0,ASK,KZI,6/30/2022,8/4/2022,8.04,Oyoloo,Cancelled
459.0,OCV,CEP,10/6/2022,1/9/2022,12.34,Twinder,Cancelled
460.0,MQU,WID,3/14/2022,10/9/2022,3.11,Skyble,Cancelled
461.0,NLT,OMA,9/24/2022,10/25/2022,1.39,Aibox,Cancelled
462.0,CTL,SFG,8/24/2022,3/2/2022,2.34,Twitterwire,Cancelled
463.0,RIV,FLW,2/10/2022,2/25/2022,9.94,Linkbridge,On-time
464.0,DCU,LEQ,11/19/2022,1/18/2022,12.84,Wordtune,On-time
465.0,DVO,BOR,2/14/2022,8/1/2022,1.95,Divape,On-time
466.0,GYE,UAH,8/27/2022,6/9/2022,14.26,Blognation,Delayed
467.0,NZY,CLW,12/17/2022,5/27/2022,4.94,Linklinks,Cancelled
469.0,ILN,CAB,11/24/2022,1/7/2022,21.21,Tambee,Cancelled
470.0,ECS,STP,6/8/2022,4/2/2022,1.56,Flashpoint,Cancelled
471.0,SXI,BST,5/22/2022,1/5/2022,19.53,Camimbo,Cancelled
472.0,HBG,MJS,11/26/2022,1/11/2022,21.18,Thoughtstorm,On-time
473.0,CTS,CRS,8/9/2022,10/21/2022,11.99,Skilith,Cancelled
474.0,JHS,OLR,1/16/2022,6/15/2022,7.97,Trupe,Delayed
475.0,PBN,ONT,12/30/2022,10/2/2022,3.43,Voomm,Delayed
476.0,PPG,MCL,7/4/2022,1/5/2022,11.98,Voonyx,Delayed
477.0,RFN,HAT,3/28/2022,9/17/2022,14.77,Tavu,On-time
478.0,LYE,CIR,10/31/2022,11/22/2022,21.37,Voonder,On-time
479.0,RNR,HKG,4/30/2022,8/8/2022,21.72,Twimm,Delayed
480.0,KCO,TSW,8/14/2022,11/26/2022,22.34,Ailane,On-time
481.0,SFQ,YQQ,3/19/2022,10/3/2022,18.09,Realcube,Cancelled
482.0,DSK,WAY,6/3/2022,4/5/2022,18.11,Quamba,Delayed
483.0,JSI,LTL,4/7/2022,12/15/2022,15.74,Blogtags,On-time
484.0,LPD,ISM,5/29/2022,5/7/2022,2.7,Jabberbean,Cancelled
485.0,QUN,TFN,5/7/2022,9/29/2022,10.78,Meezzy,Delayed
486.0,VLE,ABU,3/14/2022,7/13/2022,20.79,Wordtune,Cancelled
487.0,PSK,GHC,8/13/2022,11/13/2022,16.04,Tazz,On-time
488.0,OWK,SKS,12/20/2022,1/29/2022,22.03,Fatz,Delayed
489.0,AZS,LCX,4/24/2022,7/13/2022,5.7,Bubblemix,On-time
490.0,SVJ,CVM,3/19/2022,3/10/2022,4.44,Realmix,On-time
491.0,MAX,RES,11/29/2022,10/29/2022,11.82,Feedspan,Delayed
492.0,LUR,RCM,12/11/2022,5/21/2022,7.09,Jabbercube,Delayed
493.0,ESM,PRG,12/19/2022,1/16/2022,17.74,Aivee,On-time
494.0,YSK,BSO,3/14/2022,5/27/2022,4.94,Quatz,Cancelled
495.0,LIM,LYA,1/19/2022,4/12/2022,5.7,Cogibox,Delayed
496.0,ANM,FMY,12/4/2022,11/27/2022,22.86,Thoughtmix,On-time
497.0,CEE,LNL,11/22/2022,9/10/2022,4.04,Edgeify,On-time
498.0,MYO,SUF,6/29/2022,8/2/2022,22.16,Wikizz,Cancelled
499.0,0,CRM,6/15/2022,2/28/2022,20.29,Mynte,On-time
501.0,EDK,PAZ,12/4/2022,6/12/2022,14.89,Flashpoint,Delayed
502.0,SHV,TPJ,7/23/2022,5/12/2022,10.74,Ntag,On-time
503.0,ORH,KDK,12/21/2022,1/14/2022,15.43,Browseblab,Cancelled
504.0,ELW,OJC,5/30/2022,10/8/2022,8.68,Meetz,Cancelled
505.0,KJH,SIP,2/13/2022,8/24/2022,21.05,Npath,On-time
506.0,KNX,MUA,9/2/2022,9/6/2022,17.23,Snaptags,Cancelled
507.0,CFT,LOO,7/12/2022,4/1/2022,13.41,Geba,Cancelled
508.0,OWA,HVR,4/22/2022,8/6/2022,16.11,Meemm,Cancelled
509.0,BUK,DLN,7/14/2022,10/28/2022,19.04,Eare,On-time
510.0,BCD,YFH,2/18/2022,4/19/2022,11.26,Fivespan,Cancelled
511.0,TFY,GVP,8/13/2022,12/2/2022,21.74,Yodo,Delayed
512.0,ISE,ISQ,2/23/2022,8/8/2022,11.51,Oozz,On-time
513.0,AOR,WWT,7/1/2022,12/19/2022,9.2,Oodoo,Delayed
514.0,KYI,CZN,9/24/2022,6/26/2022,9.42,Tavu,On-time
516.0,GMQ,ZIX,2/2/2022,5/19/2022,17.15,Livefish,Delayed
517.0,MPN,KRP,2/3/2022,6/29/2022,11.28,Bluejam,On-time
518.0,PDG,MMQ,11/6/2022,1/21/2022,16.68,Yacero,Cancelled
519.0,ZEM,TRB,6/11/2022,1/30/2022,21.86,Edgeclub,Cancelled
521.0,KEY,BYH,1/3/2022,3/11/2022,13.17,Fiveclub,Cancelled
522.0,YSV,DCN,5/24/2022,10/6/2022,22.82,Voonte,On-time
523.0,HGR,WOA,12/20/2022,7/21/2022,1.43,Jamia,Delayed
524.0,BNI,ZBF,7/2/2022,2/26/2022,18.08,Flashdog,Cancelled
525.0,AFO,ODC,6/30/2022,9/27/2022,23.39,Trunyx,Delayed
526.0,WUX,BQB,6/22/2022,11/26/2022,12.13,Feednation,Cancelled
528.0,LMM,YWL,4/28/2022,5/6/2022,6.51,Meevee,Cancelled
529.0,CFF,NYU,1/10/2022,9/20/2022,10.05,Tavu,On-time
530.0,REB,ONK,9/18/2022,2/16/2022,7.15,Youbridge,Cancelled
531.0,LOY,PPA,5/2/2022,4/6/2022,12.55,Eayo,On-time
532.0,QPS,ETD,4/28/2022,3/5/2022,11.66,Meemm,Cancelled
533.0,FCH,MAA,9/22/2022,8/7/2022,19.53,Innojam,Cancelled
534.0,CGF,MYM,10/20/2022,6/9/2022,22.2,Tavu,Delayed
535.0,BML,OKQ,6/5/2022,8/6/2022,18.08,Myworks,Cancelled
536.0,MTX,EOK,5/24/2022,8/10/2022,19.43,Kare,On-time
537.0,FBG,TXM,3/6/2022,9/26/2022,2.61,Youbridge,Delayed
538.0,LNJ,QCP,3/30/2022,5/17/2022,5.93,Flashpoint,Delayed
540.0,RUU,YHO,8/26/2022,9/23/2022,8.13,Fivebridge,On-time
541.0,NIM,YEY,1/2/2022,5/13/2022,1.45,Centimia,Cancelled
542.0,YTY,CID,10/23/2022,3/9/2022,14.52,Edgetag,Delayed
543.0,AZR,JCU,2/13/2022,9/23/2022,15.28,Feedspan,On-time
544.0,TIG,PSN,10/12/2022,7/22/2022,1.05,Pixonyx,Delayed
545.0,LBU,SZX,1/31/2022,2/28/2022,9.13,Livetube,Delayed
546.0,LEM,FRW,6/7/2022,2/6/2022,12.85,Wikizz,Delayed
547.0,BKU,KEI,7/26/2022,12/21/2022,11.32,Yodoo,Cancelled
548.0,LWC,QCH,11/8/2022,10/9/2022,1.64,Digitube,Delayed
549.0,HIM,GAB,9/12/2022,9/11/2022,15.27,Edgewire,On-time
550.0,BVS,WAB,9/16/2022,8/12/2022,20.04,Buzzdog,Delayed
551.0,DON,LDK,6/12/2022,7/11/2022,18.28,Skinder,Cancelled
552.0,SIC,YZR,7/1/2022,12/1/2022,4.65,Topicstorm,Cancelled
553.0,MSW,YYE,6/30/2022,6/19/2022,11.37,Roomm,Cancelled
555.0,SFB,ECS,6/16/2022,10/6/2022,14.48,Skilith,On-time
556.0,ANU,DJN,8/12/2022,11/17/2022,13.43,Voolia,Cancelled
557.0,SHQ,UGA,7/27/2022,10/26/2022,7.61,Eimbee,Delayed
558.0,BBL,ABW,10/9/2022,6/15/2022,7.81,Demimbu,Cancelled
559.0,TVY,ZSP,11/1/2022,12/14/2022,18.22,Eadel,On-time
560.0,CKN,MFB,1/28/2022,12/5/2022,1.59,Chatterpoint,On-time
562.0,PSF,MEU,4/27/2022,10/27/2022,14.94,Bubblemix,Delayed
563.0,KAS,UIH,10/31/2022,12/6/2022,21.89,Jaxworks,Delayed
564.0,SRV,MUA,5/6/2022,9/10/2022,9.05,Kwideo,Cancelled
565.0,UNK,BNQ,3/2/2022,10/6/2022,15.11,Meedoo,Delayed
566.0,NAY,KTK,3/11/2022,9/11/2022,1.01,Eidel,Cancelled
567.0,TRB,SXA,4/5/2022,8/30/2022,23.27,DabZ,Cancelled
568.0,MBH,WRB,12/22/2022,4/17/2022,18.96,Skibox,Cancelled
569.0,DNF,GTN,10/19/2022,6/8/2022,16.04,Oyonder,Delayed
570.0,AKN,TGT,10/8/2022,12/14/2022,3.38,Roomm,Delayed
571.0,OUZ,ART,9/1/2022,7/1/2022,20.23,Riffpath,On-time
572.0,PME,YBE,11/17/2022,8/9/2022,13.17,Aimbu,On-time
573.0,SWV,THA,2/19/2022,8/23/2022,20.89,Roomm,Cancelled
574.0,CNW,GYE,1/6/2022,8/6/2022,19.39,Skyble,On-time
575.0,HWD,LCF,2/17/2022,11/21/2022,4.75,Jabberstorm,On-time
577.0,SEY,LRE,11/15/2022,4/12/2022,19.05,Dynazzy,Cancelled
578.0,PMG,ATS,5/25/2022,1/16/2022,19.27,Katz,Cancelled
579.0,MDM,HUA,8/27/2022,6/8/2022,12.94,LiveZ,Delayed
580.0,PIZ,CEI,6/8/2022,10/19/2022,12.69,Centizu,Cancelled
581.0,UUN,GVP,5/3/2022,2/7/2022,6.01,Divavu,Delayed
582.0,STZ,BWG,12/20/2022,10/5/2022,5.11,Photolist,Cancelled
583.0,LUO,IKK,5/22/2022,8/22/2022,1.88,Yombu,Delayed
584.0,ORX,GRH,10/11/2022,7/13/2022,6.88,Abata,Cancelled
585.0,SWT,KGH,7/17/2022,3/14/2022,7.19,Twitterbeat,On-time
587.0,DAT,KMK,1/3/2022,5/6/2022,4.12,Photolist,On-time
588.0,LOM,KOL,2/18/2022,3/10/2022,18.48,Chatterpoint,On-time
589.0,ZJG,SRY,12/16/2022,10/15/2022,3.24,Mynte,Delayed
590.0,BFE,ABQ,11/28/2022,1/2/2022,7.65,Twitterworks,Cancelled
591.0,VGA,PJA,2/1/2022,3/5/2022,1.01,Rhybox,Cancelled
592.0,CKL,RKW,8/9/2022,2/4/2022,20.36,Mynte,Delayed
593.0,MYW,BVW,12/14/2022,6/21/2022,5.55,Oyoyo,Delayed
595.0,DOK,BEM,3/27/2022,1/4/2022,15.56,Devbug,Delayed
596.0,CHV,LRJ,9/5/2022,6/29/2022,3.12,Quatz,Cancelled
597.0,TWB,CAW,1/9/2022,10/25/2022,7.72,Tagchat,On-time
598.0,DSS,SBX,1/4/2022,12/10/2022,8.41,Skinder,Delayed
599.0,MNA,PUM,11/15/2022,12/18/2022,10.31,Voolia,Delayed
600.0,CEX,EGV,8/6/2022,2/15/2022,9.74,Trupe,Delayed
601.0,PTW,ZMM,8/1/2022,3/23/2022,13.23,Geba,On-time
602.0,ISD,DRW,5/13/2022,5/10/2022,3.5,Aibox,On-time
603.0,GWL,KKJ,3/3/2022,8/4/2022,20.68,Tagpad,On-time
604.0,BNN,BQJ,8/3/2022,5/19/2022,18.88,Agivu,On-time
605.0,AOC,UTO,11/1/2022,4/6/2022,7.82,Quaxo,Cancelled
606.0,PAA,AAG,5/3/2022,1/26/2022,14.9,Buzzster,Delayed
607.0,HLZ,DIJ,12/27/2022,7/13/2022,1.65,Yambee,Delayed
609.0,ADY,BKS,7/18/2022,2/19/2022,23.06,Skalith,Cancelled
610.0,MFJ,KHO,1/3/2022,12/15/2022,8.55,Divanoodle,Cancelled
611.0,EAS,MXA,7/21/2022,5/27/2022,22.15,Trupe,Cancelled
612.0,UKS,QLS,1/23/2022,5/31/2022,21.35,Feedbug,Delayed
613.0,ZLT,WID,10/21/2022,3/6/2022,4.51,Voomm,Delayed
614.0,VNY,GMU,5/17/2022,10/27/2022,14.1,Shufflester,Delayed
615.0,RCU,MPD,7/18/2022,4/30/2022,21.32,Trilia,Cancelled
616.0,YBW,KNT,9/23/2022,11/28/2022,22.45,Shufflebeat,Delayed
617.0,PCF,0,10/25/2022,11/18/2022,20.39,Oloo,Cancelled
618.0,MSF,ARJ,10/11/2022,12/16/2022,4.54,Bubbletube,Cancelled
619.0,TLR,AYC,12/16/2022,11/8/2022,2.76,Divape,Cancelled
620.0,MAL,AIE,12/26/2022,6/27/2022,21.57,Rhynoodle,Delayed
621.0,HAI,FOS,6/1/2022,3/7/2022,13.28,Tagopia,On-time
622.0,VTG,KEE,6/14/2022,10/4/2022,13.68,Feedspan,On-time
623.0,LEE,HZK,9/5/2022,10/26/2022,4.36,Skipfire,Delayed
624.0,SLK,LXA,3/13/2022,4/3/2022,8.57,Centimia,Delayed
625.0,DNV,UBJ,7/23/2022,10/30/2022,23.96,Camimbo,Delayed
626.0,BGA,BPI,11/28/2022,3/17/2022,7.08,Ailane,Cancelled
627.0,MST,AXL,4/30/2022,11/26/2022,4.21,Meevee,On-time
628.0,TWE,AZT,12/6/2022,8/13/2022,22.84,Thoughtbeat,Delayed
629.0,PRX,HOD,3/1/2022,3/24/2022,16.09,Realfire,Cancelled
630.0,PDB,NLT,12/15/2022,5/23/2022,12.2,Ntag,Cancelled
631.0,FOM,ZLR,5/27/2022,4/18/2022,21.33,Dynava,On-time
632.0,CGD,ARW,8/22/2022,2/12/2022,4.19,Oyope,On-time
633.0,SMW,BKF,8/28/2022,3/16/2022,21.8,Jaxspan,Delayed
634.0,PRX,GZW,8/16/2022,2/5/2022,18.86,Topdrive,Cancelled
635.0,BTJ,YZD,7/13/2022,7/27/2022,7.28,Kazu,Cancelled
636.0,MXD,TCP,9/3/2022,11/11/2022,21.94,Zoovu,Cancelled
637.0,SCN,FFO,10/19/2022,10/8/2022,12.48,Tagtune,Cancelled
638.0,LNX,HLS,5/23/2022,6/11/2022,15.36,Latz,On-time
639.0,ONG,IGL,12/23/2022,11/14/2022,7.41,Brightbean,Delayed
640.0,YWN,BXH,9/27/2022,8/27/2022,2.75,Yacero,Delayed
642.0,BZP,NON,12/4/2022,4/4/2022,7.63,Blognation,Cancelled
643.0,PYY,HCR,11/4/2022,10/22/2022,4.53,Reallinks,Cancelled
644.0,LFK,CYS,10/14/2022,11/6/2022,5.61,Voomm,On-time
645.0,RBK,RHN,10/28/2022,11/16/2022,13.59,Twitterworks,On-time
646.0,DOD,SQZ,4/1/2022,3/24/2022,15.7,Mydeo,Cancelled
647.0,TOL,ANS,10/22/2022,12/26/2022,21.29,Gigazoom,Delayed
648.0,KAG,KEK,10/9/2022,5/17/2022,16.26,Zazio,Cancelled
649.0,CSA,APE,10/22/2022,6/7/2022,7.07,Centimia,Cancelled
650.0,WPB,KCZ,6/29/2022,5/14/2022,5.0,Dablist,Delayed
651.0,SYS,FSK,11/14/2022,1/11/2022,14.51,Eidel,Delayed
652.0,BAR,TSY,5/11/2022,8/21/2022,10.33,Jabbersphere,On-time
653.0,GME,ILU,1/29/2022,2/25/2022,9.85,Tagchat,Delayed
654.0,RNA,BPI,11/22/2022,6/19/2022,17.18,Zoombox,On-time
655.0,KRU,XGN,2/23/2022,2/3/2022,18.27,Jetwire,On-time
656.0,GON,TUK,3/10/2022,3/22/2022,15.72,Fivebridge,Cancelled
657.0,AQB,ASR,3/21/2022,10/26/2022,8.28,Bubbletube,On-time
658.0,OKC,TUQ,6/9/2022,12/21/2022,14.96,Feedfire,On-time
659.0,BJO,EWN,10/13/2022,6/5/2022,20.37,Zoonoodle,Cancelled
660.0,MTK,PAQ,2/16/2022,7/18/2022,21.15,Kayveo,On-time
662.0,LZM,KSD,5/23/2022,1/22/2022,12.73,Izio,On-time
663.0,PRM,DCG,6/16/2022,6/16/2022,5.32,Browsebug,Delayed
664.0,DBN,HWD,5/9/2022,5/24/2022,2.79,Brainbox,Delayed
665.0,SOO,DEX,9/2/2022,6/6/2022,9.84,Plajo,Cancelled
666.0,BZL,AHJ,2/7/2022,4/2/2022,8.26,Oyonder,On-time
668.0,ROI,PHB,8/5/2022,1/31/2022,13.73,Jazzy,Delayed
669.0,PCU,DOG,11/11/2022,4/23/2022,15.92,Yambee,Cancelled
670.0,0,BIG,12/23/2022,2/9/2022,19.2,Realblab,Cancelled
671.0,SQW,VQS,8/11/2022,5/14/2022,2.67,LiveZ,Delayed
672.0,MQS,LAG,4/19/2022,8/4/2022,21.02,Realbridge,On-time
673.0,KDN,RZZ,5/12/2022,11/5/2022,17.19,Pixope,Delayed
674.0,BAP,SNQ,7/21/2022,1/25/2022,5.63,Fadeo,Cancelled
675.0,FEP,GBC,3/15/2022,5/7/2022,20.86,Mita,On-time
676.0,YPZ,LGM,1/14/2022,11/20/2022,6.02,Thoughtworks,Delayed
677.0,BBY,VLS,7/20/2022,3/25/2022,22.22,Meetz,Delayed
678.0,MSW,NKW,1/10/2022,10/24/2022,21.66,Rhynoodle,Delayed
679.0,ANF,SPN,1/13/2022,9/14/2022,8.75,Reallinks,On-time
680.0,TPR,ECS,9/9/2022,8/20/2022,16.34,Gigazoom,On-time
681.0,RKY,IWK,3/31/2022,1/11/2022,8.58,Yodo,On-time
682.0,RNR,END,2/11/2022,9/25/2022,9.71,Skinte,Delayed
683.0,BPK,FMC,9/3/2022,9/23/2022,7.16,Cogilith,On-time
684.0,QCH,SNF,9/13/2022,1/19/2022,1.43,Gabcube,Cancelled
685.0,LMB,FLH,3/9/2022,12/22/2022,15.58,Topiclounge,Cancelled
686.0,BBY,YTL,5/16/2022,5/24/2022,20.28,Babbleblab,On-time
687.0,QJI,BVX,4/18/2022,9/13/2022,5.16,Bluezoom,Delayed
688.0,MOO,OMH,3/26/2022,11/9/2022,11.53,Miboo,On-time
689.0,YPI,KIM,9/18/2022,9/26/2022,3.12,Linktype,Cancelled
690.0,DOA,BQT,7/19/2022,10/17/2022,2.07,Skivee,On-time
691.0,BKL,HOF,11/24/2022,3/21/2022,11.72,Jetwire,On-time
692.0,BLJ,LTH,7/30/2022,11/19/2022,9.6,Tagcat,Delayed
693.0,KPO,CMB,4/25/2022,2/28/2022,12.57,Skibox,On-time
694.0,DUT,ACM,4/27/2022,12/16/2022,7.8,Kayveo,Delayed
695.0,ECS,DTB,2/11/2022,7/12/2022,16.15,Photofeed,Cancelled
696.0,LEP,VHN,4/26/2022,2/18/2022,23.79,Voonte,Delayed
697.0,KCK,CDD,7/24/2022,5/7/2022,3.7,Jabbertype,Cancelled
698.0,QPS,ACR,1/4/2022,2/11/2022,3.24,Feedfire,Delayed
699.0,PPR,DOA,12/20/2022,6/26/2022,9.15,Photojam,Cancelled
700.0,TEK,PMY,9/28/2022,11/8/2022,4.87,Tazz,On-time
702.0,BRB,VHM,3/28/2022,6/6/2022,19.98,Flashspan,On-time
703.0,YET,OKY,10/20/2022,2/1/2022,4.65,Skiba,Cancelled
704.0,GUL,SSS,3/7/2022,7/2/2022,23.71,Feedbug,Delayed
705.0,WTA,YPA,11/23/2022,3/29/2022,22.39,Photojam,Cancelled
706.0,RVH,KGY,11/3/2022,12/2/2022,21.61,Browsecat,On-time
707.0,PLM,TLG,5/1/2022,11/1/2022,11.99,Feedspan,On-time
709.0,HPB,UEL,7/22/2022,5/23/2022,14.01,Reallinks,Delayed
710.0,0,LSL,5/7/2022,5/31/2022,22.12,Livepath,Delayed
711.0,EOK,CGN,9/7/2022,11/4/2022,7.85,Oyoyo,On-time
712.0,YOP,CPB,1/26/2022,5/17/2022,17.77,Yodo,On-time
713.0,UBJ,YOS,11/21/2022,6/5/2022,23.45,Brightdog,Delayed
714.0,GSI,ACI,4/20/2022,2/25/2022,13.1,Wordpedia,On-time
716.0,BAA,CFC,9/29/2022,1/14/2022,13.21,Centidel,On-time
717.0,PTD,AMC,3/19/2022,12/14/2022,3.41,Thoughtstorm,On-time
718.0,REP,KCT,10/17/2022,5/25/2022,2.53,Linktype,On-time
719.0,HVK,JSR,6/9/2022,11/11/2022,4.9,Brainsphere,Delayed
720.0,CBT,EIS,6/17/2022,5/23/2022,20.99,Kaymbo,Cancelled
721.0,MMS,KBM,7/31/2022,6/20/2022,12.18,Eimbee,Delayed
722.0,USK,LOU,10/6/2022,7/30/2022,9.65,Twitterlist,Delayed
723.0,DRG,FIZ,7/7/2022,7/28/2022,13.0,Oba,On-time
724.0,TUG,GBH,4/21/2022,6/3/2022,11.2,Flashset,Delayed
725.0,PBB,BKB,1/8/2022,6/14/2022,11.09,Quimba,Cancelled
726.0,TDA,MRI,1/24/2022,7/16/2022,11.88,Zoonder,Cancelled
727.0,CDI,QUY,8/30/2022,6/10/2022,19.37,Wordtune,Cancelled
728.0,SRG,TRY,11/25/2022,4/27/2022,22.07,Youspan,Delayed
729.0,BTG,OMC,12/25/2022,3/21/2022,20.26,Mynte,On-time
730.0,SHG,MTF,9/5/2022,1/26/2022,8.57,Jabbertype,Delayed
731.0,UUK,NMB,1/10/2022,4/26/2022,10.62,Devify,Delayed
732.0,KRT,SMY,8/23/2022,4/12/2022,10.82,Mydeo,Delayed
733.0,TIF,NFG,7/21/2022,10/9/2022,2.98,Pixoboo,Cancelled
734.0,EBL,AYO,10/29/2022,9/24/2022,1.17,Skyble,Delayed
735.0,ILD,NAE,4/17/2022,12/3/2022,21.94,Kwideo,On-time
736.0,CVF,TYG,1/16/2022,12/10/2022,22.54,Kimia,On-time
737.0,MFG,HYC,3/22/2022,3/28/2022,12.5,Flipstorm,Delayed
738.0,MUK,CEN,10/27/2022,9/17/2022,2.11,Wikizz,Cancelled
739.0,DPO,JDG,7/24/2022,8/17/2022,11.83,Topiclounge,On-time
740.0,ESF,JGN,12/30/2022,10/21/2022,2.63,Ailane,On-time
741.0,TAL,MQO,2/28/2022,1/5/2022,19.12,Youopia,Delayed
743.0,COD,VRS,5/26/2022,1/29/2022,15.74,Photolist,Cancelled
744.0,MHX,ROF,2/24/2022,10/5/2022,16.36,BlogXS,Cancelled
745.0,MTV,YAR,4/5/2022,11/3/2022,21.37,Meevee,On-time
746.0,VGA,LFK,8/22/2022,8/1/2022,16.82,Realfire,Delayed
747.0,BUY,KUX,2/24/2022,10/31/2022,20.27,Fivespan,Cancelled
748.0,LEY,TSI,11/29/2022,4/1/2022,23.25,Fivebridge,On-time
749.0,YAG,ACR,6/3/2022,2/2/2022,20.74,Edgetag,On-time
750.0,AFF,TQP,6/15/2022,12/19/2022,13.97,Innojam,Delayed
751.0,TTO,WAW,12/18/2022,8/11/2022,18.44,Fatz,Delayed
752.0,GGE,SAG,12/28/2022,12/7/2022,23.72,Katz,Delayed
753.0,YBB,IRJ,11/27/2022,5/30/2022,12.21,Youspan,Cancelled
754.0,CMX,PTM,3/22/2022,6/9/2022,16.47,Yotz,On-time
755.0,VBG,XBJ,1/12/2022,3/23/2022,10.78,Skivee,Delayed
756.0,LGO,WXN,9/23/2022,8/29/2022,19.85,Quire,Cancelled
757.0,LIL,DSX,9/30/2022,1/4/2022,7.41,Realblab,Cancelled
758.0,BPN,PND,6/22/2022,3/23/2022,22.07,Divape,Cancelled
759.0,SWM,JBR,9/22/2022,7/29/2022,23.11,Wikizz,Delayed
760.0,DLG,DUG,2/14/2022,11/17/2022,13.23,Quatz,Delayed
761.0,SKJ,OLF,5/10/2022,4/4/2022,9.04,Skipstorm,Delayed
762.0,ATX,LSI,9/2/2022,7/21/2022,18.77,Katz,Delayed
763.0,TZC,PPV,7/7/2022,11/14/2022,8.26,Eimbee,Cancelled
764.0,0,RUU,9/10/2022,6/4/2022,15.57,Podcat,Delayed
765.0,WYB,BFJ,2/24/2022,5/25/2022,17.38,Meembee,On-time
766.0,BTI,YTL,5/23/2022,6/26/2022,23.4,Skipfire,Cancelled
767.0,SXS,YPS,4/3/2022,8/24/2022,8.21,Voomm,On-time
768.0,LKP,HKK,8/25/2022,3/3/2022,5.98,Reallinks,Delayed
769.0,TCW,OBS,3/15/2022,5/15/2022,23.62,Dablist,Delayed
770.0,OWB,OMR,10/20/2022,6/23/2022,18.48,Twitterbeat,On-time
771.0,HTI,YUD,4/17/2022,4/8/2022,8.09,Eamia,Cancelled
772.0,MYV,KHY,10/15/2022,1/2/2022,4.48,Blogtag,On-time
773.0,SHQ,CPO,12/22/2022,5/2/2022,16.03,Twitterbridge,Delayed
774.0,WBC,AYW,7/5/2022,5/24/2022,21.97,Edgepulse,Cancelled
775.0,GMU,KHI,10/31/2022,8/15/2022,9.21,Trudeo,On-time
776.0,RJB,AGE,8/3/2022,7/29/2022,15.41,Skyndu,On-time
777.0,MEH,HAQ,8/7/2022,1/1/2022,9.87,Aivee,Delayed
778.0,CKZ,PXM,9/7/2022,10/2/2022,4.03,Eayo,Delayed
780.0,PCH,CYW,3/5/2022,2/25/2022,15.78,Brainbox,Cancelled
781.0,YOG,BHX,11/25/2022,4/6/2022,2.66,Meedoo,On-time
782.0,NQI,MYE,8/17/2022,12/9/2022,5.2,Plambee,Cancelled
783.0,NAH,STI,11/6/2022,11/15/2022,15.56,Talane,On-time
784.0,VDS,OFJ,4/16/2022,4/9/2022,12.8,Mydo,On-time
785.0,LBS,CGH,9/13/2022,6/2/2022,9.39,Ntag,On-time
786.0,FLB,FOT,1/28/2022,7/13/2022,20.69,Yadel,Delayed
787.0,ADG,GYA,4/15/2022,11/5/2022,16.1,Oyoba,On-time
789.0,APA,YCQ,5/31/2022,3/8/2022,4.29,Eimbee,Cancelled
790.0,BFK,RMG,6/8/2022,12/22/2022,13.59,Midel,Cancelled
791.0,SUD,TRB,5/20/2022,3/19/2022,20.84,Yamia,On-time
792.0,ACD,FCS,11/8/2022,9/10/2022,1.74,Yamia,On-time
793.0,HNM,PYB,3/26/2022,4/2/2022,14.76,LiveZ,Delayed
794.0,SJQ,GCK,12/8/2022,2/21/2022,22.47,Quamba,Cancelled
795.0,LPB,GLE,6/2/2022,3/24/2022,3.51,Linklinks,Delayed
796.0,MZV,SRM,3/12/2022,4/2/2022,12.98,Trilith,On-time
797.0,MPN,KYS,5/4/2022,8/28/2022,1.53,Devbug,On-time
799.0,CDA,CIT,10/2/2022,5/31/2022,12.7,Trudoo,Delayed
800.0,MUG,THL,12/7/2022,9/2/2022,22.76,Jabbersphere,Delayed
801.0,CUY,RXS,1/9/2022,3/12/2022,19.29,Gabcube,Delayed
802.0,YRB,AST,2/8/2022,8/30/2022,18.45,Twitterworks,Delayed
803.0,IKL,QUO,3/26/2022,9/11/2022,23.15,Oodoo,On-time
806.0,EOR,VIU,8/16/2022,9/13/2022,1.98,Innojam,Delayed
807.0,NKN,PEZ,9/30/2022,6/14/2022,11.33,Jabbersphere,Cancelled
808.0,0,FXO,2/23/2022,5/1/2022,5.93,Divanoodle,Delayed
809.0,SOD,GLH,6/2/2022,4/7/2022,11.82,Feedbug,Delayed
810.0,PCO,MUW,5/28/2022,6/15/2022,5.51,Vimbo,Delayed
811.0,ELB,TOO,5/1/2022,4/29/2022,1.93,Browsedrive,Cancelled
812.0,SAK,HUB,8/13/2022,10/4/2022,5.91,Skimia,On-time
813.0,IBO,SOJ,8/14/2022,11/8/2022,14.17,Topicshots,Delayed
814.0,ENA,NTA,6/17/2022,9/1/2022,7.13,Wordpedia,Delayed
815.0,PZB,BJV,10/8/2022,5/14/2022,17.53,Brainsphere,On-time
816.0,LHP,YMG,2/27/2022,7/24/2022,15.61,Gabcube,On-time
817.0,LTD,GGG,8/7/2022,2/1/2022,11.13,Trilia,Cancelled
818.0,CDQ,RIN,3/17/2022,7/12/2022,7.92,Ailane,Cancelled
819.0,GUH,ARA,2/9/2022,4/25/2022,10.32,Kanoodle,Cancelled
820.0,MPA,LRE,8/26/2022,6/12/2022,22.93,Yakitri,On-time
821.0,QPW,PAH,9/13/2022,5/12/2022,2.93,Avavee,On-time
822.0,MZL,PTN,1/23/2022,5/11/2022,2.24,Realbuzz,On-time
823.0,GCH,ICL,11/1/2022,2/3/2022,6.87,Trupe,Cancelled
824.0,SKQ,NGQ,7/14/2022,6/13/2022,16.53,Jetpulse,On-time
825.0,KRE,HAT,3/15/2022,1/25/2022,12.24,Skyble,On-time
827.0,PDL,LJU,9/26/2022,5/2/2022,9.47,Voolia,On-time
829.0,PWQ,YQT,9/30/2022,5/25/2022,16.29,Skalith,Cancelled
830.0,BII,YER,7/21/2022,5/28/2022,5.48,Skipfire,Delayed
831.0,PWM,REZ,7/23/2022,9/8/2022,10.19,Yabox,Cancelled
832.0,PHX,KND,4/24/2022,6/3/2022,10.59,Centizu,On-time
833.0,LAE,NPP,4/10/2022,11/8/2022,21.13,Zoovu,On-time
834.0,PWA,DSV,6/10/2022,7/4/2022,19.33,Tagchat,Cancelled
835.0,YOJ,ATT,6/8/2022,7/27/2022,13.78,Jabbertype,Cancelled
837.0,GRB,WRG,8/12/2022,5/25/2022,5.17,Dynazzy,Cancelled
838.0,MGY,PMF,3/26/2022,12/19/2022,5.11,Eamia,Cancelled
839.0,MOJ,SDX,8/21/2022,9/11/2022,5.43,Oloo,Cancelled
840.0,CRQ,YTH,8/15/2022,4/17/2022,9.45,Kazu,On-time
841.0,FWA,GSR,11/12/2022,6/12/2022,7.83,Dablist,Delayed
842.0,GQQ,BMM,10/28/2022,3/10/2022,2.36,Katz,On-time
843.0,FMG,BCM,6/25/2022,9/20/2022,9.78,Aibox,Cancelled
844.0,BHU,TOA,3/10/2022,2/18/2022,3.89,Aibox,Delayed
845.0,WBM,OHI,7/22/2022,12/5/2022,17.47,Trupe,Delayed
846.0,VRB,NRC,10/1/2022,11/21/2022,11.57,Plambee,On-time
847.0,YSX,MSW,7/6/2022,5/3/2022,12.29,Leenti,On-time
848.0,ZLX,CIO,3/14/2022,12/20/2022,3.96,Browsetype,On-time
849.0,HBE,EIN,12/24/2022,4/1/2022,16.16,Katz,Delayed
850.0,YIG,BLY,4/5/2022,2/18/2022,14.53,Tagtune,Delayed
851.0,PUD,AHT,9/22/2022,6/17/2022,11.58,Wikido,Delayed
852.0,POD,USK,5/18/2022,9/7/2022,22.77,Roombo,On-time
854.0,LGH,DLH,10/10/2022,12/7/2022,21.64,Skimia,On-time
855.0,GBR,APV,8/26/2022,10/20/2022,17.24,Topdrive,Delayed
857.0,PHM,VNR,3/29/2022,2/8/2022,8.62,Jabberbean,On-time
858.0,AUY,SBN,2/1/2022,9/11/2022,21.14,Bubbletube,Cancelled
859.0,MDF,FRH,5/28/2022,12/2/2022,14.73,Meezzy,Cancelled
860.0,PXL,ESN,11/4/2022,3/13/2022,16.8,Youspan,On-time
861.0,PAH,JIC,3/19/2022,10/26/2022,4.02,Roodel,On-time
862.0,BUZ,OVD,1/17/2022,6/20/2022,11.53,Quamba,Cancelled
864.0,MFK,CIV,3/3/2022,3/19/2022,3.22,Topiczoom,On-time
865.0,LRQ,CBL,5/30/2022,2/18/2022,14.5,Yata,Delayed
866.0,AMI,UVO,6/21/2022,9/2/2022,14.09,Yacero,Cancelled
867.0,CHS,AKU,1/4/2022,1/19/2022,1.56,Aimbo,Cancelled
868.0,HOE,DUG,8/26/2022,5/31/2022,17.76,Trilia,On-time
869.0,AVA,ERZ,7/12/2022,4/1/2022,23.97,Voolia,Cancelled
870.0,LZY,ABO,12/23/2022,1/27/2022,4.05,Dabjam,Delayed
871.0,NEJ,TPI,7/22/2022,7/6/2022,23.78,Youtags,Delayed
872.0,IXM,LGG,11/29/2022,7/8/2022,18.68,Jaxnation,On-time
873.0,LAE,ITM,9/30/2022,11/12/2022,3.52,Mybuzz,Delayed
874.0,GGC,AHL,2/9/2022,4/19/2022,17.49,Photofeed,Cancelled
875.0,MOE,CLR,9/4/2022,3/25/2022,3.84,Mycat,On-time
876.0,DEN,PHN,12/14/2022,11/19/2022,10.76,Meedoo,On-time
877.0,REB,AGQ,3/4/2022,6/7/2022,3.17,Lazz,Delayed
878.0,ACB,PDM,9/26/2022,11/20/2022,17.79,Tagfeed,Cancelled
879.0,MRZ,BQJ,8/15/2022,11/17/2022,10.64,Viva,Delayed
880.0,BGZ,OVS,8/2/2022,3/9/2022,1.91,Vinder,Cancelled
881.0,DWA,KUV,6/5/2022,10/8/2022,10.52,Kazu,On-time
882.0,OBL,KDW,2/3/2022,4/29/2022,16.88,Buzzshare,Delayed
883.0,LLJ,ESO,10/30/2022,6/28/2022,8.93,Rooxo,On-time
884.0,OSP,UBB,2/6/2022,11/17/2022,22.17,Topdrive,On-time
886.0,NPP,JER,1/8/2022,4/5/2022,3.41,Kwideo,On-time
887.0,MJC,DUJ,11/13/2022,2/5/2022,20.32,Kwideo,Cancelled
888.0,PAF,KBT,9/21/2022,5/8/2022,12.64,InnoZ,Delayed
889.0,LVL,AHI,9/13/2022,7/30/2022,2.95,Mynte,Delayed
890.0,SDC,REQ,9/22/2022,3/2/2022,19.84,Zoovu,Delayed
891.0,PYV,QID,3/21/2022,6/1/2022,3.73,Leexo,On-time
892.0,MVO,PPA,3/28/2022,10/23/2022,13.97,Flashspan,Cancelled
893.0,IKK,XME,10/2/2022,8/25/2022,22.65,Topdrive,On-time
894.0,PZK,YOG,10/26/2022,3/1/2022,7.53,Skiba,On-time
895.0,PVF,SXM,10/14/2022,5/30/2022,19.11,Realmix,On-time
896.0,YDQ,CRI,5/23/2022,7/7/2022,11.9,Jabbertype,Delayed
897.0,SDJ,KHE,6/12/2022,9/16/2022,12.87,Zazio,Delayed
898.0,MTD,RKW,12/4/2022,6/6/2022,10.29,Brainsphere,Cancelled
899.0,0,IMF,11/1/2022,8/5/2022,22.28,Skilith,On-time
901.0,CEA,TYA,8/26/2022,4/27/2022,16.01,Edgeify,Cancelled
902.0,LER,KDV,8/28/2022,6/2/2022,9.88,Innotype,Delayed
903.0,UBA,WID,8/31/2022,11/19/2022,5.41,Skibox,Delayed
904.0,DOP,YZG,11/11/2022,12/2/2022,1.14,Photolist,On-time
905.0,MYK,MYP,11/20/2022,4/18/2022,1.13,Wordify,On-time
906.0,SZA,HHH,10/17/2022,4/19/2022,18.85,Devpulse,On-time
907.0,THH,NAQ,6/18/2022,12/10/2022,2.76,Wikibox,On-time
908.0,BCI,KEG,5/17/2022,11/25/2022,8.66,Thoughtbeat,On-time
909.0,LIT,KSS,9/6/2022,4/12/2022,15.1,Buzzdog,Delayed
910.0,KLZ,ESF,1/28/2022,7/23/2022,13.62,Katz,On-time
911.0,KHH,MZR,2/25/2022,5/27/2022,4.61,Jayo,Delayed
912.0,SUX,RKZ,12/13/2022,3/7/2022,20.81,Kayveo,Cancelled
913.0,GAT,GNA,1/12/2022,1/14/2022,7.85,Buzzdog,On-time
914.0,SME,NAU,7/8/2022,2/7/2022,15.33,Tagtune,Delayed
915.0,BMJ,TSY,9/30/2022,7/25/2022,2.84,Thoughtbridge,On-time
916.0,VAR,NAD,11/28/2022,4/8/2022,4.01,Topicstorm,On-time
917.0,TRG,BUA,11/16/2022,5/12/2022,21.82,Topicblab,On-time
918.0,ONQ,YVD,10/11/2022,4/15/2022,9.92,Eare,Cancelled
919.0,TWY,ANQ,4/9/2022,5/18/2022,8.84,Trudeo,Cancelled
920.0,CXA,HGE,9/4/2022,6/13/2022,15.51,Realcube,On-time
921.0,CMD,LAX,11/6/2022,9/5/2022,7.74,Fivechat,Delayed
922.0,UDA,CRU,2/13/2022,1/8/2022,20.61,Edgeify,Cancelled
923.0,AHL,SAZ,1/9/2022,11/22/2022,6.18,Zoomdog,Delayed
924.0,TJS,YGT,4/9/2022,9/28/2022,7.55,Muxo,Cancelled
925.0,JTI,CPS,9/9/2022,8/20/2022,13.43,Babbleset,Delayed
926.0,KNH,HFT,6/15/2022,5/9/2022,6.88,Abata,On-time
927.0,JSU,MZR,4/9/2022,6/22/2022,4.85,Abata,Cancelled
928.0,BRA,KWO,12/2/2022,4/9/2022,6.37,Tazz,Cancelled
929.0,ESM,PYA,2/2/2022,3/11/2022,2.56,Browsecat,Cancelled
930.0,IZO,VKS,8/29/2022,6/6/2022,8.8,Trupe,Delayed
931.0,TUE,MPU,5/21/2022,12/23/2022,13.89,Eazzy,Delayed
932.0,BSV,MXL,2/16/2022,11/29/2022,7.4,Flipbug,On-time
933.0,KOQ,AIT,4/15/2022,8/30/2022,20.51,Linkbuzz,Cancelled
934.0,AUS,AQI,6/11/2022,4/10/2022,14.15,Browsetype,On-time
935.0,FOU,NIB,6/7/2022,10/25/2022,17.4,Voomm,On-time
936.0,CUR,TJI,12/12/2022,12/30/2022,20.96,Devcast,Delayed
937.0,OKF,LBQ,4/13/2022,2/2/2022,10.68,Digitube,On-time
938.0,OVE,AOM,9/24/2022,4/18/2022,4.09,Thoughtstorm,Delayed
939.0,NIX,LCN,9/12/2022,10/1/2022,16.37,Katz,On-time
940.0,YEM,RBD,6/15/2022,12/12/2022,12.32,Skaboo,On-time
941.0,KYP,ORD,4/10/2022,7/28/2022,18.77,Aivee,Delayed
942.0,WLH,REQ,9/4/2022,11/28/2022,15.7,Talane,On-time
943.0,USR,NRS,11/7/2022,1/3/2022,8.56,Rhyloo,On-time
944.0,MXM,TOJ,2/21/2022,11/23/2022,10.87,Flipstorm,Delayed
945.0,OHB,IXT,4/7/2022,12/27/2022,23.46,Wikido,On-time
946.0,SHF,GID,1/27/2022,8/20/2022,10.09,Quire,Cancelled
947.0,WEP,DIM,1/15/2022,3/28/2022,23.19,Quinu,Cancelled
948.0,AKB,PDA,5/30/2022,8/1/2022,6.63,Einti,On-time
949.0,FRM,PLK,7/14/2022,12/27/2022,6.41,Devpulse,Delayed
950.0,SJH,EKS,11/14/2022,1/19/2022,13.56,Jabbercube,Cancelled
951.0,BCK,MTD,7/3/2022,8/29/2022,13.98,Jaloo,Cancelled
952.0,WRZ,BNK,8/12/2022,8/19/2022,17.45,Rhycero,On-time
953.0,ZSW,GUI,6/4/2022,8/22/2022,12.91,Avavee,Cancelled
954.0,PDE,DEP,9/8/2022,2/6/2022,5.03,Linkbridge,Cancelled
955.0,AMN,JAM,6/5/2022,2/2/2022,22.16,Viva,Delayed
956.0,PYC,EFG,3/14/2022,5/7/2022,13.7,Voonyx,Cancelled
957.0,YQM,LOE,1/10/2022,12/12/2022,16.84,Kwideo,Delayed
958.0,IKU,SNY,3/31/2022,8/30/2022,3.82,Aivee,Cancelled
959.0,RHI,KOD,10/1/2022,11/2/2022,21.02,Thoughtmix,On-time
960.0,MMV,RBE,1/16/2022,1/1/2022,18.48,Meezzy,Cancelled
961.0,EYP,CJJ,12/1/2022,10/5/2022,19.27,Vitz,Cancelled
962.0,GGS,BLK,11/7/2022,4/18/2022,7.12,Voomm,Delayed
963.0,HHP,OTZ,4/22/2022,11/10/2022,2.05,Yotz,Cancelled
964.0,SFZ,TYR,11/13/2022,9/9/2022,11.96,Tagpad,Cancelled
965.0,PGB,UKH,2/12/2022,1/21/2022,11.01,Topicshots,Delayed
966.0,BHR,HDH,4/5/2022,4/1/2022,18.08,Gigaclub,Delayed
967.0,TUP,QAC,5/5/2022,5/4/2022,11.71,Quimm,On-time
968.0,LDZ,YXQ,10/2/2022,3/23/2022,10.66,Oyondu,Delayed
969.0,ATD,WMN,8/20/2022,3/6/2022,11.6,Jabbersphere,On-time
970.0,BWT,JUA,12/16/2022,10/27/2022,3.05,Mycat,On-time
971.0,AEL,CPC,12/2/2022,11/7/2022,19.3,Brainverse,On-time
972.0,TRO,OTJ,11/7/2022,1/11/2022,20.69,Feedfire,Delayed
973.0,DAD,LUY,2/11/2022,5/17/2022,5.19,Meetz,Delayed
974.0,HYN,SLQ,10/13/2022,2/9/2022,1.84,Zooxo,On-time
975.0,YMO,TSM,6/16/2022,2/1/2022,3.27,Mycat,Cancelled
976.0,MSX,RJA,11/21/2022,11/7/2022,2.82,Livetube,Delayed
977.0,HWO,YZG,12/11/2022,11/9/2022,3.08,Linklinks,Delayed
978.0,OZR,DOI,12/12/2022,4/19/2022,23.55,Twimbo,Cancelled
979.0,BOY,QJP,10/29/2022,2/28/2022,16.24,Divape,Cancelled
980.0,QGP,SLV,10/7/2022,7/20/2022,18.05,Topdrive,On-time
981.0,ASI,VPS,3/18/2022,12/19/2022,1.66,Zoonder,Cancelled
982.0,CAR,MWI,6/7/2022,2/24/2022,6.53,Flipopia,On-time
983.0,DHG,MMI,5/11/2022,4/6/2022,4.72,Browseblab,Cancelled
984.0,STG,NEN,4/7/2022,9/30/2022,2.6,Twitterworks,Cancelled
985.0,GMS,DAC,7/11/2022,11/18/2022,9.67,Kwideo,On-time
986.0,BVX,QID,7/4/2022,5/29/2022,14.9,Dabvine,Cancelled
987.0,LEK,MXX,8/16/2022,4/1/2022,9.93,Kazu,On-time
988.0,LNL,0,1/16/2022,10/29/2022,4.01,Gevee,Delayed
989.0,SKR,SNO,1/25/2022,10/5/2022,22.94,Ooba,Delayed
990.0,MWY,FLY,5/1/2022,5/24/2022,1.43,Jaxworks,Delayed
991.0,CSA,XIC,8/3/2022,12/2/2022,10.0,Meevee,On-time
992.0,ELE,NLS,2/24/2022,5/2/2022,3.03,Yamia,Delayed
993.0,VHZ,MKP,1/14/2022,1/13/2022,23.47,Yadel,Delayed
994.0,EIN,POB,10/7/2022,8/29/2022,8.98,Edgewire,On-time
995.0,RZN,KGO,4/11/2022,1/25/2022,12.66,Oyope,Delayed
996.0,SOP,FTX,4/25/2022,6/3/2022,21.26,Yacero,Cancelled
997.0,LFM,MEN,11/14/2022,5/5/2022,9.89,Nlounge,Cancelled
998.0,MJN,MSO,5/8/2022,11/16/2022,5.91,Browsebug,Delayed
999.0,KDR,IXT,1/8/2022,10/20/2022,19.07,BlogXS,Delayed
1000.0,TDG,TGZ,3/28/2022,11/26/2022,23.27,Zooveo,Cancelled
